name,description,category,price,sale_price,discount,unit,image,bar_code,quantity,min_quantity
Product 1,Description for Product 1,Health,311.43,344.22,39,liters,https://example.com/images/product1.jpg,1234567890001,1,10
Product 2,Description for Product 2,Home,475.52,122.98,14,pcs,https://example.com/images/product2.jpg,1234567890002,58,4
Product 3,Description for Product 3,Sports,357.06,156.11,32,pcs,https://example.com/images/product3.jpg,1234567890003,17,10
Product 4,Description for Product 4,Toys,104.23,383.49,15,pcs,https://example.com/images/product4.jpg,1234567890004,23,2
Product 5,Description for Product 5,Grocery,321.17,17.13,39,kg,https://example.com/images/product5.jpg,1234567890005,32,5
Product 6,Description for Product 6,Health,470.83,139.4,23,m,https://example.com/images/product6.jpg,1234567890006,89,7
Product 7,Description for Product 7,Grocery,118.69,179.22,21,kg,https://example.com/images/product7.jpg,1234567890007,76,6
Product 8,Description for Product 8,Toys,498.63,132.77,48,kg,https://example.com/images/product8.jpg,1234567890008,64,8
Product 9,Description for Product 9,Beauty,420.36,304.05,22,pcs,https://example.com/images/product9.jpg,1234567890009,79,8
Product 10,Description for Product 10,Grocery,256.71,53.21,21,m,https://example.com/images/product10.jpg,1234567890010,35,6
Product 11,Description for Product 11,Home,413.81,338.54,4,pcs,https://example.com/images/product11.jpg,1234567890011,28,8
Product 12,Description for Product 12,Beauty,179.75,325.54,26,liters,https://example.com/images/product12.jpg,1234567890012,85,8
Product 13,Description for Product 13,Electronics,68.36,76.43,18,pcs,https://example.com/images/product13.jpg,1234567890013,43,5
Product 14,Description for Product 14,Beauty,392.24,256.8,6,kg,https://example.com/images/product14.jpg,1234567890014,36,7
Product 15,Description for Product 15,Toys,387.24,338.68,33,m,https://example.com/images/product15.jpg,1234567890015,11,7
Product 16,Description for Product 16,Health,477.91,53.09,18,kg,https://example.com/images/product16.jpg,1234567890016,44,1
Product 17,Description for Product 17,Automotive,273.05,264.06,4,m,https://example.com/images/product17.jpg,1234567890017,52,2
Product 18,Description for Product 18,Grocery,474.69,127.62,42,liters,https://example.com/images/product18.jpg,1234567890018,98,2
Product 19,Description for Product 19,Books,313.31,361.12,12,m,https://example.com/images/product19.jpg,1234567890019,84,8
Product 20,Description for Product 20,Toys,181.71,197.03,37,m,https://example.com/images/product20.jpg,1234567890020,42,10
Product 21,Description for Product 21,Automotive,462.11,198.45,9,kg,https://example.com/images/product21.jpg,1234567890021,15,6
Product 22,Description for Product 22,Books,338.03,49.8,1,liters,https://example.com/images/product22.jpg,1234567890022,68,7
Product 23,Description for Product 23,Sports,412.87,344.11,2,m,https://example.com/images/product23.jpg,1234567890023,67,9
Product 24,Description for Product 24,Toys,97.01,149.21,30,pcs,https://example.com/images/product24.jpg,1234567890024,15,8
Product 25,Description for Product 25,Automotive,302.84,343.19,36,kg,https://example.com/images/product25.jpg,1234567890025,5,7
Product 26,Description for Product 26,Toys,23.49,287.57,32,kg,https://example.com/images/product26.jpg,1234567890026,20,4
Product 27,Description for Product 27,Sports,417.32,291.5,29,pcs,https://example.com/images/product27.jpg,1234567890027,37,9
Product 28,Description for Product 28,Grocery,382.92,167.47,31,pcs,https://example.com/images/product28.jpg,1234567890028,78,1
Product 29,Description for Product 29,Books,458.04,150.78,40,m,https://example.com/images/product29.jpg,1234567890029,56,2
Product 30,Description for Product 30,Grocery,235.45,288.33,6,pcs,https://example.com/images/product30.jpg,1234567890030,60,7
Product 31,Description for Product 31,Toys,422.12,287.84,28,m,https://example.com/images/product31.jpg,1234567890031,62,8
Product 32,Description for Product 32,Home,446.23,179.02,31,kg,https://example.com/images/product32.jpg,1234567890032,15,10
Product 33,Description for Product 33,Home,71.77,169.72,20,m,https://example.com/images/product33.jpg,1234567890033,60,10
Product 34,Description for Product 34,Automotive,439.59,7.93,45,kg,https://example.com/images/product34.jpg,1234567890034,46,2
Product 35,Description for Product 35,Grocery,492.58,278.16,48,pcs,https://example.com/images/product35.jpg,1234567890035,81,2
Product 36,Description for Product 36,Home,271.38,339.96,31,kg,https://example.com/images/product36.jpg,1234567890036,78,6
Product 37,Description for Product 37,Sports,331.12,345.44,3,m,https://example.com/images/product37.jpg,1234567890037,35,4
Product 38,Description for Product 38,Home,150.09,368.77,22,m,https://example.com/images/product38.jpg,1234567890038,46,1
Product 39,Description for Product 39,Health,275.47,323.38,42,kg,https://example.com/images/product39.jpg,1234567890039,81,3
Product 40,Description for Product 40,Toys,63.96,114.64,46,kg,https://example.com/images/product40.jpg,1234567890040,32,8
Product 41,Description for Product 41,Toys,346.96,340.56,41,pcs,https://example.com/images/product41.jpg,1234567890041,6,10
Product 42,Description for Product 42,Sports,158.68,317.24,12,kg,https://example.com/images/product42.jpg,1234567890042,50,8
Product 43,Description for Product 43,Books,140.09,165.14,44,m,https://example.com/images/product43.jpg,1234567890043,23,8
Product 44,Description for Product 44,Sports,84.55,166.6,21,kg,https://example.com/images/product44.jpg,1234567890044,63,5
Product 45,Description for Product 45,Beauty,213.25,156.02,22,pcs,https://example.com/images/product45.jpg,1234567890045,16,10
Product 46,Description for Product 46,Clothing,377.21,394.32,28,liters,https://example.com/images/product46.jpg,1234567890046,25,5
Product 47,Description for Product 47,Toys,311.6,345.4,35,liters,https://example.com/images/product47.jpg,1234567890047,31,3
Product 48,Description for Product 48,Health,360.87,159.63,29,kg,https://example.com/images/product48.jpg,1234567890048,100,2
Product 49,Description for Product 49,Toys,348.95,210.49,5,liters,https://example.com/images/product49.jpg,1234567890049,50,8
Product 50,Description for Product 50,Clothing,496.94,240.29,13,pcs,https://example.com/images/product50.jpg,1234567890050,51,4
Product 51,Description for Product 51,Books,419.23,330.82,49,pcs,https://example.com/images/product51.jpg,1234567890051,89,4
Product 52,Description for Product 52,Toys,395.29,132.57,37,pcs,https://example.com/images/product52.jpg,1234567890052,76,6
Product 53,Description for Product 53,Toys,461.16,300.16,2,pcs,https://example.com/images/product53.jpg,1234567890053,67,6
Product 54,Description for Product 54,Beauty,459.01,392.95,37,liters,https://example.com/images/product54.jpg,1234567890054,49,7
Product 55,Description for Product 55,Clothing,20.99,330.09,39,liters,https://example.com/images/product55.jpg,1234567890055,26,3
Product 56,Description for Product 56,Health,382.46,208.35,2,liters,https://example.com/images/product56.jpg,1234567890056,35,9
Product 57,Description for Product 57,Grocery,179.71,333.92,17,m,https://example.com/images/product57.jpg,1234567890057,94,7
Product 58,Description for Product 58,Books,262.15,357.9,19,kg,https://example.com/images/product58.jpg,1234567890058,11,6
Product 59,Description for Product 59,Books,289.49,389.9,28,liters,https://example.com/images/product59.jpg,1234567890059,60,6
Product 60,Description for Product 60,Clothing,364.86,125.54,22,liters,https://example.com/images/product60.jpg,1234567890060,48,7
Product 61,Description for Product 61,Electronics,15.73,297.65,33,kg,https://example.com/images/product61.jpg,1234567890061,92,8
Product 62,Description for Product 62,Electronics,423.36,358.04,50,pcs,https://example.com/images/product62.jpg,1234567890062,69,3
Product 63,Description for Product 63,Grocery,422.3,290.49,8,kg,https://example.com/images/product63.jpg,1234567890063,70,6
Product 64,Description for Product 64,Beauty,356.92,168.1,40,pcs,https://example.com/images/product64.jpg,1234567890064,36,9
Product 65,Description for Product 65,Automotive,24.97,154.83,15,kg,https://example.com/images/product65.jpg,1234567890065,83,8
Product 66,Description for Product 66,Books,452.87,326.5,48,m,https://example.com/images/product66.jpg,1234567890066,13,5
Product 67,Description for Product 67,Grocery,150.08,169.93,2,kg,https://example.com/images/product67.jpg,1234567890067,42,5
Product 68,Description for Product 68,Beauty,176.66,296.56,7,m,https://example.com/images/product68.jpg,1234567890068,39,6
Product 69,Description for Product 69,Toys,111.53,264.09,39,liters,https://example.com/images/product69.jpg,1234567890069,89,3
Product 70,Description for Product 70,Clothing,383.05,118.8,30,liters,https://example.com/images/product70.jpg,1234567890070,47,7
Product 71,Description for Product 71,Books,307.43,399.76,17,kg,https://example.com/images/product71.jpg,1234567890071,63,6
Product 72,Description for Product 72,Clothing,307.73,11.36,36,kg,https://example.com/images/product72.jpg,1234567890072,8,3
Product 73,Description for Product 73,Electronics,206.76,202.15,5,pcs,https://example.com/images/product73.jpg,1234567890073,87,3
Product 74,Description for Product 74,Home,235.84,303.94,14,liters,https://example.com/images/product74.jpg,1234567890074,72,3
Product 75,Description for Product 75,Books,474.93,134.73,41,kg,https://example.com/images/product75.jpg,1234567890075,97,1
Product 76,Description for Product 76,Electronics,20.19,156.35,24,liters,https://example.com/images/product76.jpg,1234567890076,28,3
Product 77,Description for Product 77,Automotive,293.32,294.33,26,pcs,https://example.com/images/product77.jpg,1234567890077,89,1
Product 78,Description for Product 78,Electronics,59.76,36.55,21,m,https://example.com/images/product78.jpg,1234567890078,32,5
Product 79,Description for Product 79,Beauty,469.16,346.4,12,kg,https://example.com/images/product79.jpg,1234567890079,68,2
Product 80,Description for Product 80,Electronics,247.95,248.58,4,liters,https://example.com/images/product80.jpg,1234567890080,47,7
Product 81,Description for Product 81,Books,25.01,315.63,32,kg,https://example.com/images/product81.jpg,1234567890081,87,1
Product 82,Description for Product 82,Electronics,117.56,169.17,3,m,https://example.com/images/product82.jpg,1234567890082,51,2
Product 83,Description for Product 83,Books,48.75,113.24,19,pcs,https://example.com/images/product83.jpg,1234567890083,9,8
Product 84,Description for Product 84,Electronics,51.44,351.23,34,m,https://example.com/images/product84.jpg,1234567890084,65,3
Product 85,Description for Product 85,Books,389.21,217.77,30,pcs,https://example.com/images/product85.jpg,1234567890085,16,1
Product 86,Description for Product 86,Automotive,456.07,59.5,23,kg,https://example.com/images/product86.jpg,1234567890086,84,7
Product 87,Description for Product 87,Home,222.08,399.84,13,m,https://example.com/images/product87.jpg,1234567890087,33,10
Product 88,Description for Product 88,Beauty,70.11,169.5,24,m,https://example.com/images/product88.jpg,1234567890088,66,2
Product 89,Description for Product 89,Books,155.53,137.42,8,kg,https://example.com/images/product89.jpg,1234567890089,0,5
Product 90,Description for Product 90,Home,358.92,145.29,45,pcs,https://example.com/images/product90.jpg,1234567890090,15,4
Product 91,Description for Product 91,Clothing,14.93,217.55,33,pcs,https://example.com/images/product91.jpg,1234567890091,88,9
Product 92,Description for Product 92,Automotive,463.42,334.41,36,pcs,https://example.com/images/product92.jpg,1234567890092,40,9
Product 93,Description for Product 93,Sports,122.79,237.21,17,pcs,https://example.com/images/product93.jpg,1234567890093,48,7
Product 94,Description for Product 94,Books,92.87,6.59,45,pcs,https://example.com/images/product94.jpg,1234567890094,45,1
Product 95,Description for Product 95,Clothing,301.37,242.2,11,kg,https://example.com/images/product95.jpg,1234567890095,8,4
Product 96,Description for Product 96,Electronics,249.52,145.07,47,pcs,https://example.com/images/product96.jpg,1234567890096,27,8
Product 97,Description for Product 97,Toys,372.81,357.69,4,liters,https://example.com/images/product97.jpg,1234567890097,71,10
Product 98,Description for Product 98,Grocery,90.3,334.49,10,m,https://example.com/images/product98.jpg,1234567890098,48,9
Product 99,Description for Product 99,Books,255.35,145.66,40,pcs,https://example.com/images/product99.jpg,1234567890099,94,3
Product 100,Description for Product 100,Toys,310.05,42.26,47,liters,https://example.com/images/product100.jpg,1234567890100,90,7
Product 101,Description for Product 101,Home,380.47,226.1,28,liters,https://example.com/images/product101.jpg,1234567890101,18,6
Product 102,Description for Product 102,Books,319.92,337.11,10,pcs,https://example.com/images/product102.jpg,1234567890102,16,10
Product 103,Description for Product 103,Beauty,342.39,134.19,3,m,https://example.com/images/product103.jpg,1234567890103,91,3
Product 104,Description for Product 104,Sports,144.08,233.67,24,liters,https://example.com/images/product104.jpg,1234567890104,42,1
Product 105,Description for Product 105,Clothing,46.69,292.38,38,liters,https://example.com/images/product105.jpg,1234567890105,5,10
Product 106,Description for Product 106,Toys,258.79,240.79,7,kg,https://example.com/images/product106.jpg,1234567890106,84,9
Product 107,Description for Product 107,Health,54.05,369.07,27,liters,https://example.com/images/product107.jpg,1234567890107,66,8
Product 108,Description for Product 108,Beauty,393.97,40.04,16,kg,https://example.com/images/product108.jpg,1234567890108,48,4
Product 109,Description for Product 109,Toys,11.11,287.01,39,pcs,https://example.com/images/product109.jpg,1234567890109,70,6
Product 110,Description for Product 110,Home,23.39,170.95,7,liters,https://example.com/images/product110.jpg,1234567890110,18,5
Product 111,Description for Product 111,Beauty,490.42,298.55,17,m,https://example.com/images/product111.jpg,1234567890111,80,4
Product 112,Description for Product 112,Home,256.42,203.81,41,pcs,https://example.com/images/product112.jpg,1234567890112,56,1
Product 113,Description for Product 113,Home,359.86,170.14,3,kg,https://example.com/images/product113.jpg,1234567890113,6,6
Product 114,Description for Product 114,Electronics,98.36,379.08,41,pcs,https://example.com/images/product114.jpg,1234567890114,19,2
Product 115,Description for Product 115,Electronics,347.56,310.99,7,m,https://example.com/images/product115.jpg,1234567890115,96,6
Product 116,Description for Product 116,Clothing,11.35,135.83,20,liters,https://example.com/images/product116.jpg,1234567890116,44,4
Product 117,Description for Product 117,Automotive,266.49,181.63,19,pcs,https://example.com/images/product117.jpg,1234567890117,34,1
Product 118,Description for Product 118,Home,272.9,298.86,32,kg,https://example.com/images/product118.jpg,1234567890118,73,4
Product 119,Description for Product 119,Beauty,191.67,73.73,8,m,https://example.com/images/product119.jpg,1234567890119,3,8
Product 120,Description for Product 120,Books,407.49,15.7,48,liters,https://example.com/images/product120.jpg,1234567890120,75,10
Product 121,Description for Product 121,Beauty,126.07,243.68,6,m,https://example.com/images/product121.jpg,1234567890121,83,2
Product 122,Description for Product 122,Home,229.6,338.91,6,m,https://example.com/images/product122.jpg,1234567890122,64,10
Product 123,Description for Product 123,Automotive,424.98,110.75,24,kg,https://example.com/images/product123.jpg,1234567890123,18,5
Product 124,Description for Product 124,Books,278.59,113.87,0,m,https://example.com/images/product124.jpg,1234567890124,68,6
Product 125,Description for Product 125,Beauty,59.57,36.41,47,kg,https://example.com/images/product125.jpg,1234567890125,30,9
Product 126,Description for Product 126,Home,359.3,350.3,11,liters,https://example.com/images/product126.jpg,1234567890126,40,8
Product 127,Description for Product 127,Toys,305.29,335.74,22,m,https://example.com/images/product127.jpg,1234567890127,11,3
Product 128,Description for Product 128,Electronics,67.99,308.94,5,pcs,https://example.com/images/product128.jpg,1234567890128,10,1
Product 129,Description for Product 129,Home,428.15,365.37,9,kg,https://example.com/images/product129.jpg,1234567890129,90,2
Product 130,Description for Product 130,Grocery,258.54,95.48,47,kg,https://example.com/images/product130.jpg,1234567890130,26,4
Product 131,Description for Product 131,Health,68.63,178.29,43,liters,https://example.com/images/product131.jpg,1234567890131,37,3
Product 132,Description for Product 132,Beauty,126.18,368.98,17,pcs,https://example.com/images/product132.jpg,1234567890132,2,9
Product 133,Description for Product 133,Automotive,348.71,365.09,42,m,https://example.com/images/product133.jpg,1234567890133,80,5
Product 134,Description for Product 134,Grocery,49.38,264.62,47,kg,https://example.com/images/product134.jpg,1234567890134,18,4
Product 135,Description for Product 135,Sports,274.74,133.62,8,m,https://example.com/images/product135.jpg,1234567890135,69,3
Product 136,Description for Product 136,Toys,390.72,144.12,34,liters,https://example.com/images/product136.jpg,1234567890136,2,10
Product 137,Description for Product 137,Home,330.16,390.84,50,liters,https://example.com/images/product137.jpg,1234567890137,0,3
Product 138,Description for Product 138,Automotive,191.49,381.19,17,pcs,https://example.com/images/product138.jpg,1234567890138,65,10
Product 139,Description for Product 139,Clothing,247.31,131.39,3,liters,https://example.com/images/product139.jpg,1234567890139,97,8
Product 140,Description for Product 140,Toys,441.54,268.41,38,pcs,https://example.com/images/product140.jpg,1234567890140,4,10
Product 141,Description for Product 141,Grocery,189.91,62.84,8,m,https://example.com/images/product141.jpg,1234567890141,33,4
Product 142,Description for Product 142,Home,357.53,68.57,40,m,https://example.com/images/product142.jpg,1234567890142,4,8
Product 143,Description for Product 143,Clothing,459.6,208.63,27,liters,https://example.com/images/product143.jpg,1234567890143,14,10
Product 144,Description for Product 144,Sports,306.16,160.48,5,liters,https://example.com/images/product144.jpg,1234567890144,64,10
Product 145,Description for Product 145,Clothing,145.64,34.69,5,kg,https://example.com/images/product145.jpg,1234567890145,39,9
Product 146,Description for Product 146,Electronics,53.98,85.32,37,pcs,https://example.com/images/product146.jpg,1234567890146,61,2
Product 147,Description for Product 147,Beauty,377.25,126.21,0,m,https://example.com/images/product147.jpg,1234567890147,2,1
Product 148,Description for Product 148,Beauty,138.63,347.19,40,kg,https://example.com/images/product148.jpg,1234567890148,89,6
Product 149,Description for Product 149,Beauty,416.87,104.7,12,pcs,https://example.com/images/product149.jpg,1234567890149,79,3
Product 150,Description for Product 150,Sports,476.06,72.0,21,liters,https://example.com/images/product150.jpg,1234567890150,87,8
Product 151,Description for Product 151,Health,67.75,126.95,18,pcs,https://example.com/images/product151.jpg,1234567890151,89,1
Product 152,Description for Product 152,Beauty,53.94,332.06,27,liters,https://example.com/images/product152.jpg,1234567890152,95,4
Product 153,Description for Product 153,Sports,335.87,22.41,26,m,https://example.com/images/product153.jpg,1234567890153,28,7
Product 154,Description for Product 154,Electronics,383.39,107.11,37,pcs,https://example.com/images/product154.jpg,1234567890154,48,5
Product 155,Description for Product 155,Beauty,109.11,268.85,15,kg,https://example.com/images/product155.jpg,1234567890155,31,5
Product 156,Description for Product 156,Automotive,342.34,60.48,28,pcs,https://example.com/images/product156.jpg,1234567890156,73,4
Product 157,Description for Product 157,Grocery,173.5,53.24,12,m,https://example.com/images/product157.jpg,1234567890157,96,9
Product 158,Description for Product 158,Health,26.2,14.3,35,m,https://example.com/images/product158.jpg,1234567890158,87,1
Product 159,Description for Product 159,Grocery,120.78,33.57,36,m,https://example.com/images/product159.jpg,1234567890159,4,4
Product 160,Description for Product 160,Grocery,282.01,107.09,20,kg,https://example.com/images/product160.jpg,1234567890160,39,8
Product 161,Description for Product 161,Automotive,453.63,232.74,0,kg,https://example.com/images/product161.jpg,1234567890161,84,8
Product 162,Description for Product 162,Sports,96.15,124.29,23,liters,https://example.com/images/product162.jpg,1234567890162,6,10
Product 163,Description for Product 163,Clothing,298.21,206.44,36,m,https://example.com/images/product163.jpg,1234567890163,2,5
Product 164,Description for Product 164,Home,337.15,334.82,24,kg,https://example.com/images/product164.jpg,1234567890164,20,2
Product 165,Description for Product 165,Grocery,396.76,212.53,13,m,https://example.com/images/product165.jpg,1234567890165,31,2
Product 166,Description for Product 166,Sports,90.05,209.34,4,pcs,https://example.com/images/product166.jpg,1234567890166,78,5
Product 167,Description for Product 167,Electronics,76.3,335.97,50,liters,https://example.com/images/product167.jpg,1234567890167,50,7
Product 168,Description for Product 168,Toys,361.68,27.53,5,liters,https://example.com/images/product168.jpg,1234567890168,62,4
Product 169,Description for Product 169,Home,22.96,294.86,38,m,https://example.com/images/product169.jpg,1234567890169,48,10
Product 170,Description for Product 170,Beauty,480.94,333.68,8,liters,https://example.com/images/product170.jpg,1234567890170,18,7
Product 171,Description for Product 171,Sports,243.26,352.01,42,pcs,https://example.com/images/product171.jpg,1234567890171,51,1
Product 172,Description for Product 172,Grocery,260.63,383.43,30,pcs,https://example.com/images/product172.jpg,1234567890172,96,3
Product 173,Description for Product 173,Electronics,270.77,27.7,29,pcs,https://example.com/images/product173.jpg,1234567890173,17,4
Product 174,Description for Product 174,Books,236.15,213.57,0,kg,https://example.com/images/product174.jpg,1234567890174,82,3
Product 175,Description for Product 175,Electronics,175.95,352.0,21,liters,https://example.com/images/product175.jpg,1234567890175,93,8
Product 176,Description for Product 176,Sports,303.35,121.87,45,pcs,https://example.com/images/product176.jpg,1234567890176,61,7
Product 177,Description for Product 177,Sports,338.91,139.65,35,pcs,https://example.com/images/product177.jpg,1234567890177,3,3
Product 178,Description for Product 178,Electronics,174.69,167.18,17,m,https://example.com/images/product178.jpg,1234567890178,36,6
Product 179,Description for Product 179,Beauty,191.23,266.45,21,liters,https://example.com/images/product179.jpg,1234567890179,16,8
Product 180,Description for Product 180,Home,121.25,85.74,17,kg,https://example.com/images/product180.jpg,1234567890180,54,3
Product 181,Description for Product 181,Grocery,17.4,89.85,30,liters,https://example.com/images/product181.jpg,1234567890181,85,8
Product 182,Description for Product 182,Grocery,432.17,267.86,8,pcs,https://example.com/images/product182.jpg,1234567890182,34,2
Product 183,Description for Product 183,Grocery,208.88,88.99,21,m,https://example.com/images/product183.jpg,1234567890183,37,9
Product 184,Description for Product 184,Health,318.53,245.0,26,kg,https://example.com/images/product184.jpg,1234567890184,62,3
Product 185,Description for Product 185,Sports,330.81,258.31,46,pcs,https://example.com/images/product185.jpg,1234567890185,88,1
Product 186,Description for Product 186,Automotive,197.3,219.52,11,liters,https://example.com/images/product186.jpg,1234567890186,19,1
Product 187,Description for Product 187,Electronics,164.15,295.3,24,liters,https://example.com/images/product187.jpg,1234567890187,29,10
Product 188,Description for Product 188,Beauty,447.94,200.13,11,kg,https://example.com/images/product188.jpg,1234567890188,86,10
Product 189,Description for Product 189,Grocery,382.87,27.02,47,m,https://example.com/images/product189.jpg,1234567890189,94,10
Product 190,Description for Product 190,Books,414.24,19.69,35,m,https://example.com/images/product190.jpg,1234567890190,16,6
Product 191,Description for Product 191,Health,425.06,145.05,5,liters,https://example.com/images/product191.jpg,1234567890191,64,1
Product 192,Description for Product 192,Grocery,79.65,397.83,43,liters,https://example.com/images/product192.jpg,1234567890192,33,2
Product 193,Description for Product 193,Toys,120.33,393.4,10,liters,https://example.com/images/product193.jpg,1234567890193,25,4
Product 194,Description for Product 194,Grocery,442.14,220.99,20,kg,https://example.com/images/product194.jpg,1234567890194,48,6
Product 195,Description for Product 195,Clothing,219.36,242.19,46,pcs,https://example.com/images/product195.jpg,1234567890195,25,7
Product 196,Description for Product 196,Sports,219.76,47.62,47,kg,https://example.com/images/product196.jpg,1234567890196,3,6
Product 197,Description for Product 197,Clothing,313.9,108.23,2,m,https://example.com/images/product197.jpg,1234567890197,52,6
Product 198,Description for Product 198,Clothing,290.06,271.88,37,liters,https://example.com/images/product198.jpg,1234567890198,2,6
Product 199,Description for Product 199,Home,485.13,256.29,31,liters,https://example.com/images/product199.jpg,1234567890199,11,10
Product 200,Description for Product 200,Home,187.25,166.29,4,kg,https://example.com/images/product200.jpg,1234567890200,13,2
Product 201,Description for Product 201,Sports,382.88,272.7,38,pcs,https://example.com/images/product201.jpg,1234567890201,36,1
Product 202,Description for Product 202,Toys,421.02,267.43,2,pcs,https://example.com/images/product202.jpg,1234567890202,73,2
Product 203,Description for Product 203,Beauty,18.15,16.59,32,liters,https://example.com/images/product203.jpg,1234567890203,44,1
Product 204,Description for Product 204,Clothing,71.65,182.34,25,m,https://example.com/images/product204.jpg,1234567890204,95,6
Product 205,Description for Product 205,Grocery,465.41,203.77,48,pcs,https://example.com/images/product205.jpg,1234567890205,99,8
Product 206,Description for Product 206,Grocery,257.25,236.46,29,m,https://example.com/images/product206.jpg,1234567890206,36,1
Product 207,Description for Product 207,Beauty,371.22,337.35,7,kg,https://example.com/images/product207.jpg,1234567890207,5,9
Product 208,Description for Product 208,Home,317.34,331.09,12,liters,https://example.com/images/product208.jpg,1234567890208,90,9
Product 209,Description for Product 209,Toys,245.1,311.36,11,liters,https://example.com/images/product209.jpg,1234567890209,6,6
Product 210,Description for Product 210,Sports,83.1,134.03,25,liters,https://example.com/images/product210.jpg,1234567890210,43,1
Product 211,Description for Product 211,Toys,334.97,393.51,43,m,https://example.com/images/product211.jpg,1234567890211,82,4
Product 212,Description for Product 212,Automotive,478.83,15.93,28,kg,https://example.com/images/product212.jpg,1234567890212,80,5
Product 213,Description for Product 213,Books,400.82,19.76,28,liters,https://example.com/images/product213.jpg,1234567890213,90,8
Product 214,Description for Product 214,Electronics,343.28,320.94,28,kg,https://example.com/images/product214.jpg,1234567890214,74,5
Product 215,Description for Product 215,Sports,208.39,36.37,26,pcs,https://example.com/images/product215.jpg,1234567890215,33,6
Product 216,Description for Product 216,Electronics,161.21,344.95,41,pcs,https://example.com/images/product216.jpg,1234567890216,42,1
Product 217,Description for Product 217,Home,72.55,387.02,48,pcs,https://example.com/images/product217.jpg,1234567890217,19,4
Product 218,Description for Product 218,Books,325.11,390.93,38,kg,https://example.com/images/product218.jpg,1234567890218,2,9
Product 219,Description for Product 219,Home,53.55,151.31,21,pcs,https://example.com/images/product219.jpg,1234567890219,7,10
Product 220,Description for Product 220,Sports,432.37,67.46,28,kg,https://example.com/images/product220.jpg,1234567890220,57,10
Product 221,Description for Product 221,Automotive,112.51,247.07,50,liters,https://example.com/images/product221.jpg,1234567890221,20,7
Product 222,Description for Product 222,Sports,291.88,310.21,11,pcs,https://example.com/images/product222.jpg,1234567890222,77,4
Product 223,Description for Product 223,Beauty,389.98,168.44,24,liters,https://example.com/images/product223.jpg,1234567890223,16,6
Product 224,Description for Product 224,Grocery,32.53,382.86,1,m,https://example.com/images/product224.jpg,1234567890224,44,4
Product 225,Description for Product 225,Health,131.01,243.88,3,liters,https://example.com/images/product225.jpg,1234567890225,53,3
Product 226,Description for Product 226,Sports,41.76,44.65,21,pcs,https://example.com/images/product226.jpg,1234567890226,93,2
Product 227,Description for Product 227,Books,253.72,145.64,32,kg,https://example.com/images/product227.jpg,1234567890227,46,1
Product 228,Description for Product 228,Grocery,157.88,265.72,16,m,https://example.com/images/product228.jpg,1234567890228,18,9
Product 229,Description for Product 229,Automotive,377.19,289.99,31,kg,https://example.com/images/product229.jpg,1234567890229,2,2
Product 230,Description for Product 230,Sports,146.06,120.0,12,kg,https://example.com/images/product230.jpg,1234567890230,9,7
Product 231,Description for Product 231,Toys,381.35,310.22,11,pcs,https://example.com/images/product231.jpg,1234567890231,21,9
Product 232,Description for Product 232,Grocery,467.74,24.82,36,kg,https://example.com/images/product232.jpg,1234567890232,89,6
Product 233,Description for Product 233,Electronics,155.36,82.54,38,kg,https://example.com/images/product233.jpg,1234567890233,51,10
Product 234,Description for Product 234,Automotive,432.86,122.11,19,m,https://example.com/images/product234.jpg,1234567890234,78,1
Product 235,Description for Product 235,Electronics,218.87,309.55,48,liters,https://example.com/images/product235.jpg,1234567890235,88,6
Product 236,Description for Product 236,Home,36.99,83.22,43,kg,https://example.com/images/product236.jpg,1234567890236,34,5
Product 237,Description for Product 237,Books,150.19,308.38,12,kg,https://example.com/images/product237.jpg,1234567890237,33,7
Product 238,Description for Product 238,Books,194.62,395.19,1,kg,https://example.com/images/product238.jpg,1234567890238,90,3
Product 239,Description for Product 239,Electronics,474.25,108.17,42,pcs,https://example.com/images/product239.jpg,1234567890239,99,10
Product 240,Description for Product 240,Health,61.6,221.74,11,pcs,https://example.com/images/product240.jpg,1234567890240,76,3
Product 241,Description for Product 241,Electronics,60.37,200.29,34,kg,https://example.com/images/product241.jpg,1234567890241,20,9
Product 242,Description for Product 242,Beauty,123.75,331.76,33,kg,https://example.com/images/product242.jpg,1234567890242,18,8
Product 243,Description for Product 243,Electronics,42.11,130.92,10,liters,https://example.com/images/product243.jpg,1234567890243,64,5
Product 244,Description for Product 244,Beauty,401.51,207.17,49,liters,https://example.com/images/product244.jpg,1234567890244,29,9
Product 245,Description for Product 245,Health,307.06,345.05,3,m,https://example.com/images/product245.jpg,1234567890245,48,1
Product 246,Description for Product 246,Automotive,121.73,283.02,35,m,https://example.com/images/product246.jpg,1234567890246,61,7
Product 247,Description for Product 247,Sports,73.74,149.93,31,kg,https://example.com/images/product247.jpg,1234567890247,69,4
Product 248,Description for Product 248,Beauty,20.94,245.17,28,liters,https://example.com/images/product248.jpg,1234567890248,92,5
Product 249,Description for Product 249,Sports,466.85,58.89,44,kg,https://example.com/images/product249.jpg,1234567890249,44,7
Product 250,Description for Product 250,Health,438.51,177.67,42,kg,https://example.com/images/product250.jpg,1234567890250,93,3
Product 251,Description for Product 251,Health,347.66,177.31,12,pcs,https://example.com/images/product251.jpg,1234567890251,78,2
Product 252,Description for Product 252,Books,210.26,233.05,43,kg,https://example.com/images/product252.jpg,1234567890252,82,4
Product 253,Description for Product 253,Clothing,319.46,20.48,9,liters,https://example.com/images/product253.jpg,1234567890253,52,1
Product 254,Description for Product 254,Automotive,69.34,195.0,37,pcs,https://example.com/images/product254.jpg,1234567890254,23,7
Product 255,Description for Product 255,Automotive,32.56,199.3,10,pcs,https://example.com/images/product255.jpg,1234567890255,87,9
Product 256,Description for Product 256,Clothing,403.27,114.55,44,m,https://example.com/images/product256.jpg,1234567890256,89,9
Product 257,Description for Product 257,Home,146.15,83.58,31,kg,https://example.com/images/product257.jpg,1234567890257,21,4
Product 258,Description for Product 258,Toys,277.98,219.58,36,liters,https://example.com/images/product258.jpg,1234567890258,37,2
Product 259,Description for Product 259,Health,467.21,52.41,2,pcs,https://example.com/images/product259.jpg,1234567890259,100,7
Product 260,Description for Product 260,Beauty,263.74,246.92,16,m,https://example.com/images/product260.jpg,1234567890260,50,4
Product 261,Description for Product 261,Health,320.49,313.96,7,m,https://example.com/images/product261.jpg,1234567890261,88,4
Product 262,Description for Product 262,Automotive,193.45,117.63,30,kg,https://example.com/images/product262.jpg,1234567890262,79,3
Product 263,Description for Product 263,Toys,41.63,99.7,17,m,https://example.com/images/product263.jpg,1234567890263,67,10
Product 264,Description for Product 264,Automotive,291.31,126.9,5,liters,https://example.com/images/product264.jpg,1234567890264,88,2
Product 265,Description for Product 265,Clothing,153.82,288.8,15,liters,https://example.com/images/product265.jpg,1234567890265,54,9
Product 266,Description for Product 266,Health,243.65,362.54,38,m,https://example.com/images/product266.jpg,1234567890266,36,2
Product 267,Description for Product 267,Automotive,275.26,282.02,19,m,https://example.com/images/product267.jpg,1234567890267,43,9
Product 268,Description for Product 268,Books,127.89,68.57,34,pcs,https://example.com/images/product268.jpg,1234567890268,26,3
Product 269,Description for Product 269,Grocery,318.04,166.69,49,pcs,https://example.com/images/product269.jpg,1234567890269,87,4
Product 270,Description for Product 270,Toys,110.56,132.89,10,liters,https://example.com/images/product270.jpg,1234567890270,15,9
Product 271,Description for Product 271,Grocery,295.51,87.58,40,kg,https://example.com/images/product271.jpg,1234567890271,85,1
Product 272,Description for Product 272,Grocery,439.39,177.19,38,m,https://example.com/images/product272.jpg,1234567890272,49,8
Product 273,Description for Product 273,Sports,294.76,178.13,1,m,https://example.com/images/product273.jpg,1234567890273,23,8
Product 274,Description for Product 274,Beauty,275.72,285.25,21,m,https://example.com/images/product274.jpg,1234567890274,48,3
Product 275,Description for Product 275,Automotive,408.74,290.37,19,pcs,https://example.com/images/product275.jpg,1234567890275,53,6
Product 276,Description for Product 276,Automotive,76.35,87.41,21,kg,https://example.com/images/product276.jpg,1234567890276,54,8
Product 277,Description for Product 277,Sports,111.93,85.29,34,m,https://example.com/images/product277.jpg,1234567890277,23,7
Product 278,Description for Product 278,Toys,279.18,292.96,27,pcs,https://example.com/images/product278.jpg,1234567890278,62,4
Product 279,Description for Product 279,Sports,430.11,318.35,36,liters,https://example.com/images/product279.jpg,1234567890279,88,1
Product 280,Description for Product 280,Grocery,68.22,86.93,24,pcs,https://example.com/images/product280.jpg,1234567890280,89,7
Product 281,Description for Product 281,Toys,296.02,382.78,26,liters,https://example.com/images/product281.jpg,1234567890281,78,5
Product 282,Description for Product 282,Health,282.64,259.18,45,kg,https://example.com/images/product282.jpg,1234567890282,59,2
Product 283,Description for Product 283,Health,230.03,154.55,12,m,https://example.com/images/product283.jpg,1234567890283,56,5
Product 284,Description for Product 284,Home,357.77,50.64,9,liters,https://example.com/images/product284.jpg,1234567890284,38,7
Product 285,Description for Product 285,Home,268.56,251.85,23,m,https://example.com/images/product285.jpg,1234567890285,0,6
Product 286,Description for Product 286,Sports,139.4,182.01,30,pcs,https://example.com/images/product286.jpg,1234567890286,82,3
Product 287,Description for Product 287,Home,400.57,245.97,39,kg,https://example.com/images/product287.jpg,1234567890287,35,1
Product 288,Description for Product 288,Grocery,46.54,67.39,4,pcs,https://example.com/images/product288.jpg,1234567890288,58,8
Product 289,Description for Product 289,Toys,484.17,19.12,8,m,https://example.com/images/product289.jpg,1234567890289,22,9
Product 290,Description for Product 290,Home,106.42,133.64,8,liters,https://example.com/images/product290.jpg,1234567890290,23,1
Product 291,Description for Product 291,Home,204.94,347.15,43,pcs,https://example.com/images/product291.jpg,1234567890291,32,7
Product 292,Description for Product 292,Automotive,488.75,213.45,36,kg,https://example.com/images/product292.jpg,1234567890292,63,10
Product 293,Description for Product 293,Toys,498.95,391.42,29,m,https://example.com/images/product293.jpg,1234567890293,71,2
Product 294,Description for Product 294,Books,228.54,174.18,9,kg,https://example.com/images/product294.jpg,1234567890294,56,2
Product 295,Description for Product 295,Health,237.16,334.71,45,pcs,https://example.com/images/product295.jpg,1234567890295,42,8
Product 296,Description for Product 296,Books,429.69,256.49,1,m,https://example.com/images/product296.jpg,1234567890296,67,5
Product 297,Description for Product 297,Beauty,401.52,374.03,38,liters,https://example.com/images/product297.jpg,1234567890297,23,2
Product 298,Description for Product 298,Toys,321.39,221.08,1,pcs,https://example.com/images/product298.jpg,1234567890298,24,4
Product 299,Description for Product 299,Health,457.17,140.5,36,liters,https://example.com/images/product299.jpg,1234567890299,45,9
Product 300,Description for Product 300,Beauty,98.68,131.32,50,pcs,https://example.com/images/product300.jpg,1234567890300,79,8
Product 301,Description for Product 301,Automotive,181.77,165.1,15,pcs,https://example.com/images/product301.jpg,1234567890301,30,1
Product 302,Description for Product 302,Books,14.18,249.67,16,pcs,https://example.com/images/product302.jpg,1234567890302,83,1
Product 303,Description for Product 303,Toys,347.26,208.63,23,liters,https://example.com/images/product303.jpg,1234567890303,67,4
Product 304,Description for Product 304,Toys,35.03,313.13,41,m,https://example.com/images/product304.jpg,1234567890304,90,5
Product 305,Description for Product 305,Toys,427.99,383.5,19,pcs,https://example.com/images/product305.jpg,1234567890305,99,10
Product 306,Description for Product 306,Clothing,484.7,185.83,13,pcs,https://example.com/images/product306.jpg,1234567890306,1,7
Product 307,Description for Product 307,Grocery,69.21,110.5,43,liters,https://example.com/images/product307.jpg,1234567890307,33,1
Product 308,Description for Product 308,Health,11.36,208.1,10,pcs,https://example.com/images/product308.jpg,1234567890308,10,4
Product 309,Description for Product 309,Books,104.46,338.71,20,m,https://example.com/images/product309.jpg,1234567890309,62,9
Product 310,Description for Product 310,Toys,332.22,20.12,39,pcs,https://example.com/images/product310.jpg,1234567890310,86,2
Product 311,Description for Product 311,Grocery,437.82,15.96,3,pcs,https://example.com/images/product311.jpg,1234567890311,56,10
Product 312,Description for Product 312,Automotive,242.27,98.3,9,kg,https://example.com/images/product312.jpg,1234567890312,18,9
Product 313,Description for Product 313,Health,357.5,61.81,22,liters,https://example.com/images/product313.jpg,1234567890313,1,8
Product 314,Description for Product 314,Clothing,264.27,7.68,27,m,https://example.com/images/product314.jpg,1234567890314,16,10
Product 315,Description for Product 315,Books,57.41,206.49,14,liters,https://example.com/images/product315.jpg,1234567890315,22,3
Product 316,Description for Product 316,Grocery,462.8,72.71,46,m,https://example.com/images/product316.jpg,1234567890316,10,8
Product 317,Description for Product 317,Home,17.4,33.95,46,m,https://example.com/images/product317.jpg,1234567890317,88,6
Product 318,Description for Product 318,Sports,55.96,302.72,38,pcs,https://example.com/images/product318.jpg,1234567890318,92,10
Product 319,Description for Product 319,Electronics,143.15,129.27,32,kg,https://example.com/images/product319.jpg,1234567890319,14,6
Product 320,Description for Product 320,Electronics,315.38,34.41,19,kg,https://example.com/images/product320.jpg,1234567890320,46,7
Product 321,Description for Product 321,Automotive,33.96,348.95,5,kg,https://example.com/images/product321.jpg,1234567890321,29,2
Product 322,Description for Product 322,Health,105.86,267.59,26,kg,https://example.com/images/product322.jpg,1234567890322,98,10
Product 323,Description for Product 323,Books,187.0,324.04,0,m,https://example.com/images/product323.jpg,1234567890323,73,5
Product 324,Description for Product 324,Health,459.2,82.35,45,liters,https://example.com/images/product324.jpg,1234567890324,55,10
Product 325,Description for Product 325,Grocery,50.41,186.67,42,kg,https://example.com/images/product325.jpg,1234567890325,38,7
Product 326,Description for Product 326,Electronics,343.85,328.29,44,m,https://example.com/images/product326.jpg,1234567890326,14,4
Product 327,Description for Product 327,Grocery,333.22,131.63,47,kg,https://example.com/images/product327.jpg,1234567890327,17,3
Product 328,Description for Product 328,Home,357.27,155.93,30,kg,https://example.com/images/product328.jpg,1234567890328,42,10
Product 329,Description for Product 329,Grocery,450.25,250.72,45,m,https://example.com/images/product329.jpg,1234567890329,23,5
Product 330,Description for Product 330,Sports,32.88,33.16,10,pcs,https://example.com/images/product330.jpg,1234567890330,91,9
Product 331,Description for Product 331,Sports,353.12,210.73,27,liters,https://example.com/images/product331.jpg,1234567890331,46,1
Product 332,Description for Product 332,Electronics,465.08,200.18,38,kg,https://example.com/images/product332.jpg,1234567890332,84,10
Product 333,Description for Product 333,Electronics,233.04,345.88,14,pcs,https://example.com/images/product333.jpg,1234567890333,32,9
Product 334,Description for Product 334,Beauty,289.75,291.54,36,kg,https://example.com/images/product334.jpg,1234567890334,83,3
Product 335,Description for Product 335,Beauty,41.41,377.8,18,liters,https://example.com/images/product335.jpg,1234567890335,70,9
Product 336,Description for Product 336,Home,196.75,85.84,30,kg,https://example.com/images/product336.jpg,1234567890336,23,5
Product 337,Description for Product 337,Electronics,275.49,292.46,4,m,https://example.com/images/product337.jpg,1234567890337,78,8
Product 338,Description for Product 338,Clothing,170.76,46.45,25,liters,https://example.com/images/product338.jpg,1234567890338,85,6
Product 339,Description for Product 339,Sports,195.08,18.28,34,pcs,https://example.com/images/product339.jpg,1234567890339,13,8
Product 340,Description for Product 340,Books,477.35,94.82,38,kg,https://example.com/images/product340.jpg,1234567890340,77,8
Product 341,Description for Product 341,Electronics,400.2,202.61,37,liters,https://example.com/images/product341.jpg,1234567890341,38,10
Product 342,Description for Product 342,Grocery,394.05,355.99,1,m,https://example.com/images/product342.jpg,1234567890342,61,2
Product 343,Description for Product 343,Automotive,357.19,395.75,21,kg,https://example.com/images/product343.jpg,1234567890343,91,5
Product 344,Description for Product 344,Grocery,360.82,372.25,1,liters,https://example.com/images/product344.jpg,1234567890344,68,8
Product 345,Description for Product 345,Grocery,81.23,46.37,7,kg,https://example.com/images/product345.jpg,1234567890345,42,5
Product 346,Description for Product 346,Grocery,129.96,164.45,30,pcs,https://example.com/images/product346.jpg,1234567890346,24,4
Product 347,Description for Product 347,Beauty,27.37,335.32,1,kg,https://example.com/images/product347.jpg,1234567890347,77,6
Product 348,Description for Product 348,Sports,71.68,204.84,41,pcs,https://example.com/images/product348.jpg,1234567890348,68,2
Product 349,Description for Product 349,Toys,456.52,220.67,33,kg,https://example.com/images/product349.jpg,1234567890349,61,9
Product 350,Description for Product 350,Health,368.12,172.16,7,pcs,https://example.com/images/product350.jpg,1234567890350,85,9
Product 351,Description for Product 351,Beauty,441.95,236.52,28,liters,https://example.com/images/product351.jpg,1234567890351,52,6
Product 352,Description for Product 352,Electronics,490.05,378.95,3,kg,https://example.com/images/product352.jpg,1234567890352,100,3
Product 353,Description for Product 353,Health,209.69,260.68,33,m,https://example.com/images/product353.jpg,1234567890353,93,10
Product 354,Description for Product 354,Electronics,277.9,240.7,48,kg,https://example.com/images/product354.jpg,1234567890354,48,3
Product 355,Description for Product 355,Toys,94.03,198.32,10,kg,https://example.com/images/product355.jpg,1234567890355,3,10
Product 356,Description for Product 356,Electronics,25.65,376.8,3,kg,https://example.com/images/product356.jpg,1234567890356,91,9
Product 357,Description for Product 357,Toys,449.86,367.25,12,m,https://example.com/images/product357.jpg,1234567890357,22,1
Product 358,Description for Product 358,Home,260.4,359.9,50,m,https://example.com/images/product358.jpg,1234567890358,43,5
Product 359,Description for Product 359,Books,59.05,270.45,2,liters,https://example.com/images/product359.jpg,1234567890359,41,7
Product 360,Description for Product 360,Clothing,346.35,58.11,0,liters,https://example.com/images/product360.jpg,1234567890360,27,1
Product 361,Description for Product 361,Beauty,348.38,299.48,11,liters,https://example.com/images/product361.jpg,1234567890361,37,4
Product 362,Description for Product 362,Beauty,467.9,101.23,10,pcs,https://example.com/images/product362.jpg,1234567890362,78,7
Product 363,Description for Product 363,Toys,173.36,195.61,21,m,https://example.com/images/product363.jpg,1234567890363,67,6
Product 364,Description for Product 364,Books,31.61,132.53,3,pcs,https://example.com/images/product364.jpg,1234567890364,2,1
Product 365,Description for Product 365,Clothing,104.76,128.03,11,pcs,https://example.com/images/product365.jpg,1234567890365,63,3
Product 366,Description for Product 366,Books,491.1,25.15,36,pcs,https://example.com/images/product366.jpg,1234567890366,83,8
Product 367,Description for Product 367,Electronics,237.83,258.8,36,pcs,https://example.com/images/product367.jpg,1234567890367,47,5
Product 368,Description for Product 368,Grocery,366.86,282.12,28,pcs,https://example.com/images/product368.jpg,1234567890368,60,10
Product 369,Description for Product 369,Toys,199.84,40.82,27,liters,https://example.com/images/product369.jpg,1234567890369,27,10
Product 370,Description for Product 370,Toys,402.17,48.75,18,liters,https://example.com/images/product370.jpg,1234567890370,54,2
Product 371,Description for Product 371,Automotive,448.42,5.45,18,m,https://example.com/images/product371.jpg,1234567890371,0,7
Product 372,Description for Product 372,Beauty,223.68,374.72,11,m,https://example.com/images/product372.jpg,1234567890372,12,2
Product 373,Description for Product 373,Home,439.17,91.36,0,liters,https://example.com/images/product373.jpg,1234567890373,17,6
Product 374,Description for Product 374,Home,133.36,121.37,21,liters,https://example.com/images/product374.jpg,1234567890374,79,9
Product 375,Description for Product 375,Clothing,440.66,214.42,35,liters,https://example.com/images/product375.jpg,1234567890375,93,4
Product 376,Description for Product 376,Health,295.55,314.45,39,pcs,https://example.com/images/product376.jpg,1234567890376,34,6
Product 377,Description for Product 377,Sports,144.03,197.04,39,m,https://example.com/images/product377.jpg,1234567890377,73,8
Product 378,Description for Product 378,Beauty,449.98,159.72,28,pcs,https://example.com/images/product378.jpg,1234567890378,85,2
Product 379,Description for Product 379,Home,61.3,264.15,23,kg,https://example.com/images/product379.jpg,1234567890379,24,3
Product 380,Description for Product 380,Electronics,227.34,329.02,46,m,https://example.com/images/product380.jpg,1234567890380,36,4
Product 381,Description for Product 381,Books,203.41,284.8,41,pcs,https://example.com/images/product381.jpg,1234567890381,62,1
Product 382,Description for Product 382,Automotive,289.51,182.56,42,kg,https://example.com/images/product382.jpg,1234567890382,56,3
Product 383,Description for Product 383,Grocery,168.34,186.59,39,pcs,https://example.com/images/product383.jpg,1234567890383,67,1
Product 384,Description for Product 384,Electronics,266.18,137.94,1,kg,https://example.com/images/product384.jpg,1234567890384,13,8
Product 385,Description for Product 385,Automotive,219.15,104.49,10,kg,https://example.com/images/product385.jpg,1234567890385,28,8
Product 386,Description for Product 386,Clothing,451.4,390.94,40,pcs,https://example.com/images/product386.jpg,1234567890386,63,6
Product 387,Description for Product 387,Automotive,274.65,26.4,45,liters,https://example.com/images/product387.jpg,1234567890387,7,4
Product 388,Description for Product 388,Automotive,344.69,256.38,25,kg,https://example.com/images/product388.jpg,1234567890388,88,5
Product 389,Description for Product 389,Sports,334.89,174.07,6,kg,https://example.com/images/product389.jpg,1234567890389,93,3
Product 390,Description for Product 390,Clothing,283.69,278.2,31,liters,https://example.com/images/product390.jpg,1234567890390,10,8
Product 391,Description for Product 391,Toys,312.92,297.49,31,liters,https://example.com/images/product391.jpg,1234567890391,17,5
Product 392,Description for Product 392,Clothing,363.69,338.16,32,pcs,https://example.com/images/product392.jpg,1234567890392,51,5
Product 393,Description for Product 393,Toys,387.33,354.16,40,m,https://example.com/images/product393.jpg,1234567890393,51,10
Product 394,Description for Product 394,Health,179.38,285.47,29,pcs,https://example.com/images/product394.jpg,1234567890394,65,5
Product 395,Description for Product 395,Grocery,447.14,237.77,40,kg,https://example.com/images/product395.jpg,1234567890395,72,9
Product 396,Description for Product 396,Toys,412.84,363.84,13,liters,https://example.com/images/product396.jpg,1234567890396,84,6
Product 397,Description for Product 397,Home,479.91,39.68,32,pcs,https://example.com/images/product397.jpg,1234567890397,73,7
Product 398,Description for Product 398,Sports,316.4,337.45,35,m,https://example.com/images/product398.jpg,1234567890398,29,2
Product 399,Description for Product 399,Sports,18.12,88.69,21,liters,https://example.com/images/product399.jpg,1234567890399,26,1
Product 400,Description for Product 400,Sports,438.8,230.28,39,kg,https://example.com/images/product400.jpg,1234567890400,26,5
Product 401,Description for Product 401,Automotive,111.99,74.41,25,pcs,https://example.com/images/product401.jpg,1234567890401,25,2
Product 402,Description for Product 402,Electronics,404.99,214.61,13,liters,https://example.com/images/product402.jpg,1234567890402,35,5
Product 403,Description for Product 403,Grocery,325.64,12.71,38,m,https://example.com/images/product403.jpg,1234567890403,59,4
Product 404,Description for Product 404,Home,88.04,98.51,20,kg,https://example.com/images/product404.jpg,1234567890404,68,5
Product 405,Description for Product 405,Grocery,236.13,179.73,7,kg,https://example.com/images/product405.jpg,1234567890405,62,10
Product 406,Description for Product 406,Sports,228.11,141.96,26,pcs,https://example.com/images/product406.jpg,1234567890406,82,8
Product 407,Description for Product 407,Toys,488.59,341.07,34,kg,https://example.com/images/product407.jpg,1234567890407,16,8
Product 408,Description for Product 408,Health,102.07,323.76,35,m,https://example.com/images/product408.jpg,1234567890408,83,8
Product 409,Description for Product 409,Health,327.09,8.18,33,m,https://example.com/images/product409.jpg,1234567890409,7,8
Product 410,Description for Product 410,Beauty,13.36,170.98,31,liters,https://example.com/images/product410.jpg,1234567890410,26,9
Product 411,Description for Product 411,Electronics,248.17,365.61,39,liters,https://example.com/images/product411.jpg,1234567890411,37,5
Product 412,Description for Product 412,Automotive,168.22,65.37,48,m,https://example.com/images/product412.jpg,1234567890412,50,3
Product 413,Description for Product 413,Automotive,196.03,275.2,32,liters,https://example.com/images/product413.jpg,1234567890413,37,7
Product 414,Description for Product 414,Electronics,125.61,199.22,26,pcs,https://example.com/images/product414.jpg,1234567890414,43,6
Product 415,Description for Product 415,Grocery,498.3,339.95,31,pcs,https://example.com/images/product415.jpg,1234567890415,38,2
Product 416,Description for Product 416,Sports,203.05,64.13,26,liters,https://example.com/images/product416.jpg,1234567890416,36,2
Product 417,Description for Product 417,Electronics,470.34,75.89,35,m,https://example.com/images/product417.jpg,1234567890417,95,5
Product 418,Description for Product 418,Health,465.24,253.45,22,kg,https://example.com/images/product418.jpg,1234567890418,71,1
Product 419,Description for Product 419,Electronics,404.14,317.97,11,kg,https://example.com/images/product419.jpg,1234567890419,11,3
Product 420,Description for Product 420,Books,175.53,352.43,16,m,https://example.com/images/product420.jpg,1234567890420,39,7
Product 421,Description for Product 421,Sports,68.25,95.02,50,m,https://example.com/images/product421.jpg,1234567890421,6,8
Product 422,Description for Product 422,Sports,342.62,122.33,20,liters,https://example.com/images/product422.jpg,1234567890422,68,7
Product 423,Description for Product 423,Books,430.34,112.97,10,m,https://example.com/images/product423.jpg,1234567890423,33,10
Product 424,Description for Product 424,Health,55.61,123.59,9,pcs,https://example.com/images/product424.jpg,1234567890424,47,7
Product 425,Description for Product 425,Automotive,193.28,339.48,18,m,https://example.com/images/product425.jpg,1234567890425,33,7
Product 426,Description for Product 426,Clothing,340.36,327.9,42,pcs,https://example.com/images/product426.jpg,1234567890426,47,4
Product 427,Description for Product 427,Health,78.65,387.49,50,pcs,https://example.com/images/product427.jpg,1234567890427,36,9
Product 428,Description for Product 428,Sports,110.03,214.56,17,liters,https://example.com/images/product428.jpg,1234567890428,26,10
Product 429,Description for Product 429,Sports,293.91,182.06,10,m,https://example.com/images/product429.jpg,1234567890429,23,4
Product 430,Description for Product 430,Books,252.66,64.32,50,kg,https://example.com/images/product430.jpg,1234567890430,6,3
Product 431,Description for Product 431,Toys,325.3,287.83,28,pcs,https://example.com/images/product431.jpg,1234567890431,73,1
Product 432,Description for Product 432,Sports,246.29,327.07,40,pcs,https://example.com/images/product432.jpg,1234567890432,53,3
Product 433,Description for Product 433,Sports,55.16,237.46,44,pcs,https://example.com/images/product433.jpg,1234567890433,27,3
Product 434,Description for Product 434,Books,393.98,307.16,37,pcs,https://example.com/images/product434.jpg,1234567890434,1,8
Product 435,Description for Product 435,Sports,49.47,265.45,42,liters,https://example.com/images/product435.jpg,1234567890435,25,6
Product 436,Description for Product 436,Electronics,30.67,49.02,19,liters,https://example.com/images/product436.jpg,1234567890436,38,2
Product 437,Description for Product 437,Electronics,327.1,371.59,22,liters,https://example.com/images/product437.jpg,1234567890437,91,10
Product 438,Description for Product 438,Home,285.53,116.01,27,liters,https://example.com/images/product438.jpg,1234567890438,40,7
Product 439,Description for Product 439,Electronics,493.09,72.12,7,kg,https://example.com/images/product439.jpg,1234567890439,73,9
Product 440,Description for Product 440,Home,133.2,151.42,7,kg,https://example.com/images/product440.jpg,1234567890440,5,5
Product 441,Description for Product 441,Automotive,379.42,65.15,47,liters,https://example.com/images/product441.jpg,1234567890441,53,10
Product 442,Description for Product 442,Toys,131.44,333.37,25,liters,https://example.com/images/product442.jpg,1234567890442,0,1
Product 443,Description for Product 443,Health,386.86,268.62,49,pcs,https://example.com/images/product443.jpg,1234567890443,79,6
Product 444,Description for Product 444,Health,471.48,357.69,36,pcs,https://example.com/images/product444.jpg,1234567890444,49,7
Product 445,Description for Product 445,Toys,113.94,335.61,21,m,https://example.com/images/product445.jpg,1234567890445,94,3
Product 446,Description for Product 446,Clothing,311.09,172.87,29,m,https://example.com/images/product446.jpg,1234567890446,42,3
Product 447,Description for Product 447,Home,179.56,31.85,45,m,https://example.com/images/product447.jpg,1234567890447,99,6
Product 448,Description for Product 448,Electronics,280.64,354.53,5,pcs,https://example.com/images/product448.jpg,1234567890448,61,8
Product 449,Description for Product 449,Health,454.12,209.03,37,pcs,https://example.com/images/product449.jpg,1234567890449,13,6
Product 450,Description for Product 450,Beauty,154.3,272.81,41,m,https://example.com/images/product450.jpg,1234567890450,60,1
Product 451,Description for Product 451,Beauty,174.36,380.68,23,kg,https://example.com/images/product451.jpg,1234567890451,69,10
Product 452,Description for Product 452,Electronics,436.21,211.08,50,kg,https://example.com/images/product452.jpg,1234567890452,40,9
Product 453,Description for Product 453,Toys,314.92,334.5,0,liters,https://example.com/images/product453.jpg,1234567890453,100,1
Product 454,Description for Product 454,Health,280.07,81.41,47,kg,https://example.com/images/product454.jpg,1234567890454,70,3
Product 455,Description for Product 455,Electronics,442.18,34.08,11,kg,https://example.com/images/product455.jpg,1234567890455,66,6
Product 456,Description for Product 456,Beauty,115.28,380.46,48,kg,https://example.com/images/product456.jpg,1234567890456,63,4
Product 457,Description for Product 457,Grocery,292.73,338.59,36,pcs,https://example.com/images/product457.jpg,1234567890457,75,9
Product 458,Description for Product 458,Clothing,298.51,385.41,11,liters,https://example.com/images/product458.jpg,1234567890458,98,7
Product 459,Description for Product 459,Clothing,379.54,119.61,40,pcs,https://example.com/images/product459.jpg,1234567890459,19,2
Product 460,Description for Product 460,Sports,481.46,172.46,42,kg,https://example.com/images/product460.jpg,1234567890460,36,5
Product 461,Description for Product 461,Electronics,158.17,29.2,28,liters,https://example.com/images/product461.jpg,1234567890461,36,2
Product 462,Description for Product 462,Toys,347.74,274.18,6,kg,https://example.com/images/product462.jpg,1234567890462,92,6
Product 463,Description for Product 463,Electronics,342.27,270.57,33,m,https://example.com/images/product463.jpg,1234567890463,9,6
Product 464,Description for Product 464,Electronics,391.68,16.62,38,liters,https://example.com/images/product464.jpg,1234567890464,57,5
Product 465,Description for Product 465,Beauty,170.4,225.42,6,pcs,https://example.com/images/product465.jpg,1234567890465,88,3
Product 466,Description for Product 466,Beauty,305.04,269.61,28,liters,https://example.com/images/product466.jpg,1234567890466,35,6
Product 467,Description for Product 467,Automotive,447.02,166.91,46,liters,https://example.com/images/product467.jpg,1234567890467,76,3
Product 468,Description for Product 468,Clothing,110.24,146.35,43,kg,https://example.com/images/product468.jpg,1234567890468,82,3
Product 469,Description for Product 469,Home,352.16,7.8,24,m,https://example.com/images/product469.jpg,1234567890469,28,1
Product 470,Description for Product 470,Grocery,363.9,102.92,49,kg,https://example.com/images/product470.jpg,1234567890470,59,5
Product 471,Description for Product 471,Electronics,136.63,175.3,48,kg,https://example.com/images/product471.jpg,1234567890471,35,9
Product 472,Description for Product 472,Automotive,276.49,364.55,3,pcs,https://example.com/images/product472.jpg,1234567890472,56,2
Product 473,Description for Product 473,Grocery,414.09,235.44,28,liters,https://example.com/images/product473.jpg,1234567890473,94,2
Product 474,Description for Product 474,Grocery,448.38,248.75,20,pcs,https://example.com/images/product474.jpg,1234567890474,32,4
Product 475,Description for Product 475,Automotive,274.03,351.9,36,liters,https://example.com/images/product475.jpg,1234567890475,96,6
Product 476,Description for Product 476,Electronics,362.12,78.77,24,m,https://example.com/images/product476.jpg,1234567890476,95,9
Product 477,Description for Product 477,Clothing,123.7,36.85,23,kg,https://example.com/images/product477.jpg,1234567890477,59,3
Product 478,Description for Product 478,Books,309.74,399.08,38,liters,https://example.com/images/product478.jpg,1234567890478,90,9
Product 479,Description for Product 479,Home,53.45,369.34,30,m,https://example.com/images/product479.jpg,1234567890479,30,1
Product 480,Description for Product 480,Toys,50.31,257.7,9,pcs,https://example.com/images/product480.jpg,1234567890480,50,8
Product 481,Description for Product 481,Health,231.31,68.86,27,m,https://example.com/images/product481.jpg,1234567890481,75,2
Product 482,Description for Product 482,Clothing,438.24,146.56,28,m,https://example.com/images/product482.jpg,1234567890482,95,8
Product 483,Description for Product 483,Sports,332.55,154.82,4,kg,https://example.com/images/product483.jpg,1234567890483,4,4
Product 484,Description for Product 484,Sports,225.63,60.05,39,m,https://example.com/images/product484.jpg,1234567890484,47,6
Product 485,Description for Product 485,Home,222.29,307.09,36,liters,https://example.com/images/product485.jpg,1234567890485,70,7
Product 486,Description for Product 486,Beauty,256.09,223.14,50,kg,https://example.com/images/product486.jpg,1234567890486,29,5
Product 487,Description for Product 487,Health,394.22,390.65,31,liters,https://example.com/images/product487.jpg,1234567890487,25,2
Product 488,Description for Product 488,Beauty,21.63,216.43,5,liters,https://example.com/images/product488.jpg,1234567890488,96,4
Product 489,Description for Product 489,Clothing,232.73,111.95,30,kg,https://example.com/images/product489.jpg,1234567890489,29,9
Product 490,Description for Product 490,Books,224.88,78.4,29,liters,https://example.com/images/product490.jpg,1234567890490,51,2
Product 491,Description for Product 491,Beauty,452.95,127.23,7,liters,https://example.com/images/product491.jpg,1234567890491,77,6
Product 492,Description for Product 492,Toys,439.43,89.87,6,kg,https://example.com/images/product492.jpg,1234567890492,38,3
Product 493,Description for Product 493,Home,16.19,213.06,29,pcs,https://example.com/images/product493.jpg,1234567890493,20,7
Product 494,Description for Product 494,Sports,221.42,55.39,32,liters,https://example.com/images/product494.jpg,1234567890494,4,6
Product 495,Description for Product 495,Home,67.23,76.95,26,liters,https://example.com/images/product495.jpg,1234567890495,78,3
Product 496,Description for Product 496,Sports,389.75,162.02,41,m,https://example.com/images/product496.jpg,1234567890496,30,1
Product 497,Description for Product 497,Automotive,195.82,254.98,13,m,https://example.com/images/product497.jpg,1234567890497,29,2
Product 498,Description for Product 498,Health,303.95,123.56,19,liters,https://example.com/images/product498.jpg,1234567890498,93,3
Product 499,Description for Product 499,Clothing,127.54,271.38,30,liters,https://example.com/images/product499.jpg,1234567890499,11,7
Product 500,Description for Product 500,Clothing,454.97,55.54,45,liters,https://example.com/images/product500.jpg,1234567890500,7,6
